{
  "format_version": 1,
  "artifact_name": "all_iq_linear_shift_detector_v1",
  "detector_type": "standardized_l2_linear_iq_shift_detector",
  "input": {
    "expected_sample_count": 2048,
    "layout": "[2, samples] or [batch, 2, samples]"
  },
  "feature_extraction": {
    "feature_names": [
      "amplitude_mean",
      "amplitude_coefficient_of_variation",
      "amplitude_skewness",
      "amplitude_excess_kurtosis",
      "peak_to_rms_ratio",
      "iq_variance_log_ratio_abs",
      "iq_correlation_abs",
      "iq_covariance_log_condition",
      "dphase_mean_abs_normalized",
      "dphase_circular_dispersion",
      "dphase_circular_std",
      "autocorrelation_abs_lag_1",
      "autocorrelation_abs_lag_2",
      "autocorrelation_abs_lag_4",
      "autocorrelation_abs_lag_8",
      "spectral_entropy",
      "spectral_flatness",
      "spectral_peak_fraction",
      "spectral_occupancy_fraction",
      "spectral_centroid_abs",
      "spectral_spread"
    ],
    "feature_count": 21,
    "autocorrelation_lags": [
      1,
      2,
      4,
      8
    ],
    "occupancy_fraction": 0.9,
    "epsilon": 1e-12
  },
  "model": {
    "feature_mean": [
      0.9196854273254789,
      0.4232490191299224,
      0.05140692960482683,
      -0.1703459681525931,
      2.2118382510218106,
      0.06358212545813217,
      0.031731040369103,
      0.10219026319847646,
      0.0168699452596194,
      0.3072788958894432,
      0.8413468256171404,
      0.7320260310034039,
      0.6751598216168584,
      0.4793179001151606,
      0.11897393223697332,
      0.7819804081279906,
      0.19379959146187542,
      0.020098460226632302,
      0.26037400018601176,
      0.0061785887825549545,
      0.12913815703429404
    ],
    "feature_scale": [
      0.02365673161597718,
      0.07396049233565621,
      0.4395091991725508,
      0.39462857051423644,
      0.4075712495429162,
      0.13669655872338426,
      0.04542494038723201,
      0.17802502442151855,
      0.016885147708239862,
      0.24746265422795458,
      0.4608806486471113,
      0.24515823017542926,
      0.22701098376057322,
      0.17013280638478387,
      0.12386606365157282,
      0.08444948156705234,
      0.16885846426670204,
      0.008809421721227758,
      0.18340452341585822,
      0.006281588416346497,
      0.07092024399833685
    ],
    "coefficients": [
      0.012009112984443177,
      -0.008257261873167665,
      0.11534129667373774,
      0.00958051256327783,
      0.0222601781466086,
      -0.010090167546944043,
      0.0035974266148468465,
      0.0137351639683018,
      0.2493291029055856,
      0.01604392465463284,
      0.009277016681009683,
      -0.025440750783505574,
      -0.008606858556404856,
      0.058382609017515706,
      0.4055510597819323,
      0.006273050924450967,
      -0.004462921133841927,
      0.04575704045705497,
      0.013616325888516604,
      -0.03737755387855614,
      -0.00039366474505236876
    ],
    "intercept": 1.500971439351379e-14,
    "l2_strength": 0.1
  },
  "decision": {
    "score_direction": "larger_is_shift_like",
    "threshold": -0.42188055574879213,
    "target_tpr": 0.95,
    "rule": "score >= threshold"
  },
  "development_reference": {
    "auroc": 0.9176285714285715,
    "average_precision": 0.974029951101064,
    "fpr_at_target_tpr": 0.5528571428571428,
    "clean_score_mean": -0.39780470940810475,
    "clean_score_std": 0.1672760372943188,
    "shifted_score_mean": 0.39780470940813156,
    "shifted_score_std": 0.6334670548248801
  },
  "provenance": {
    "experiment_name": "iq_shift_detector_deployment_v1",
    "analysis_summary": "results/linear_iq_shift_detection_v1/aggregate_metrics.json",
    "clean_feature_artifact": "results/iq_channel_features_v1/clean/iq_channel_features.npz",
    "shifted_conditions": [
      "mild",
      "moderate",
      "severe"
    ],
    "development_count": 700,
    "test_count": 700,
    "split_seed": 2026,
    "development_fraction": 0.5,
    "threshold_selection": {
      "threshold": -0.42188055574879213,
      "target_tpr": 0.95,
      "achieved_tpr": 0.95,
      "achieved_fpr": 0.5528571428571428,
      "clean_count": 700,
      "shifted_count": 2100,
      "decision_rule": "score_greater_than_or_equal_to_threshold"
    }
  }
}
